n_cities,night_lower_than_day_n,median_day,median_night,mean_day,mean_night,linear_r2
25,22,28.92259414225872,23.8608772427698,27.55704712558895,21.98934769592961,0.4672210327853844
