operating_low_raw,derivative_peak_raw
0.0041474852851796,0.0048404543522801
