landuse,operating_low_raw,derivative_peak_raw
recreational,0.0012576265945927,0.0016167752305464
residential,0.0033060995642741,0.0080046716117242
commercial,0.0115964762749849,0.012683057579849
